name,email,country,salary,company,dob
Ashton Cochran,ac@Duis.net,Belgium,2607,Dictum Ltd,1974-03-31 04:37:24
John Finch,feugiat.Sed@nisinibh.net,United Arab Emirates,2133,Mauris Magna Duis Limited,1998-04-11 13:36:34
Melissa Hull,dolor.Quisque.tincidunt@bibendumullamcorper.edu,Haiti,3315,Eu Enim Etiam Industries,1985-04-25 13:01:32
Aretha Martin,justo.nec@mauris.co.uk,Micronesia,3435,Aliquet Molestie Tellus Incorporated,1974-05-08 23:26:26
Alvin Watkins,feugiat.Sed.nec@pede.ca,Isle of Man,1177,Lorem Tristique Aliquet LLP,1999-07-31 06:11:48
Arden Hurst,lacinia.at@dictum.ca,Côte D'Ivoire (Ivory Coast),2800,Vel Pede Blandit Institute,1983-05-11 17:53:38
Christen Goodwin,at.egestas.a@nequeetnunc.com,Cape Verde,2734,Elementum Purus Accumsan Inc.,1997-05-24 08:26:08
Aurelia Hodges,In@nibhDonec.co.uk,Bermuda,1327,Ipsum Suspendisse Sagittis Corporation,1993-10-16 20:39:52
Quail Watson,mauris@vulputateposuere.ca,Solomon Islands,2581,Ligula Aenean Euismod Consulting,1992-06-01 17:27:13
Zenia Owen,molestie.pharetra.nibh@purus.com,United Arab Emirates,1771,Sed Malesuada Company,1997-12-06 22:23:19
Harding Downs,aliquet@adipiscinglobortis.edu,Timor-Leste,2734,Mollis Dui In Industries,1997-03-23 07:07:24
Samantha Mejia,nascetur@vestibulumloremsit.co.uk,Bhutan,2890,Nascetur Ridiculus Limited,1994-08-04 22:16:45
Cody Simmons,dapibus.rutrum@faucibusid.edu,Cayman Islands,1176,Eget Ipsum Donec Ltd,1994-05-08 12:17:34
Ulysses Gallagher,dui@molestiesodales.co.uk,Micronesia,2107,Quisque Libero Incorporated,1989-02-21 18:21:58
Gray Parsons,nec.mollis@rutrumjustoPraesent.ca,Madagascar,711,Velit Pellentesque Ultricies Institute,1989-11-24 10:32:04
Micah Spears,natoque@cursusdiam.com,Guadeloupe,911,A Enim Suspendisse Industries,1981-04-01 12:30:23
Jackson Burke,purus@Vivamussit.ca,Canada,528,Quis Foundation,1998-03-04 04:47:01
Blair Owens,erat.volutpat.Nulla@Quisquetinciduntpede.co.uk,Croatia,2625,Nulla LLC,1989-01-15 20:32:20
Erin Klein,luctus@utpharetra.net,Sao Tome and Principe,3407,Ut Nisi Industries,1987-08-14 18:13:59
Serina Jacobson,Aenean.massa@malesuadavelvenenatis.co.uk,Fiji,989,A Tortor Nunc Industries,1982-03-21 21:06:01
Quin Mcgee,eu@feugiattellus.org,Malaysia,2932,Vel Vulputate Eu Foundation,1992-11-17 09:31:30
Travis Banks,Praesent@ultriciessem.ca,Mayotte,3460,Est LLC,1996-05-03 05:56:47
Shafira Hanson,neque.vitae.semper@arcu.edu,Svalbard and Jan Mayen Islands,3459,Ullamcorper Velit PC,1994-08-20 03:47:54
Alfreda Weeks,cursus.a.enim@Etiam.ca,Romania,3207,Duis Institute,1994-12-09 17:06:01
May Rios,eu.ligula.Aenean@purusMaecenas.com,Eritrea,665,Ornare In Faucibus Consulting,1970-08-06 15:23:01
Lacy Welch,magna@tellus.ca,Algeria,2461,Amet Massa Quisque Associates,1992-03-05 20:21:28
Myra Hunt,ante.iaculis@Mauriseuturpis.org,Czech Republic,2082,Ante Ipsum Primis LLC,1988-05-28 03:58:12
Ian Haley,Nunc.sed.orci@vitae.net,Svalbard and Jan Mayen Islands,1808,Cursus Industries,1982-07-03 08:55:05
Yael Burns,at.fringilla@diamluctus.org,Cambodia,874,Ornare Fusce Mollis Ltd,1980-05-18 16:51:56
Kylee Kirk,eros.turpis.non@necante.net,Reunion,2512,Sem Associates,1988-03-27 10:07:34
William Wilcox,amet.consectetuer.adipiscing@semsemper.com,Turks and Caicos Islands,2444,Sed Ltd,1973-01-15 04:28:32
Basil Farley,Nam.ligula.elit@ridiculus.com,Norway,1674,Dis LLP,1980-01-08 03:04:57
Judah Joyner,blandit.viverra@ametultriciessem.com,Saint Kitts and Nevis,1079,Ligula Consulting,1980-02-11 10:35:38
Genevieve Sheppard,turpis.non.enim@purusac.net,Samoa,3093,Parturient LLP,1997-04-26 18:23:22
Tiger Donaldson,adipiscing.elit@atpede.edu,Algeria,1849,Mi Tempor Lorem LLC,1982-12-08 07:29:37
Stephen Carroll,malesuada.vel@pedePraesenteu.co.uk,Reunion,3113,At Velit Cras Corporation,1987-11-07 17:36:37
Fay Levine,malesuada.Integer.id@non.co.uk,Tokelau,2228,Mauris Company,1978-11-12 19:52:41
Harrison Merrill,arcu@idliberoDonec.net,Lithuania,2513,Mauris Id Company,1998-03-11 03:16:01
Bert Tucker,mauris.sit.amet@nec.net,Viet Nam,1567,Hendrerit A Corp.,1980-03-10 03:10:23
Davis Cantu,pede.malesuada.vel@malesuadaIntegerid.ca,"Palestine, State of",2372,Adipiscing Enim Mi Company,1987-07-17 00:12:00
Benjamin Edwards,nibh@eratSed.org,Gibraltar,2460,Mauris Foundation,1975-05-06 01:34:00
Alma Hall,ante.blandit@tellusPhaselluselit.net,Slovakia,1925,Sollicitudin LLC,1987-10-28 08:08:43
Bianca Melendez,in@vulputate.co.uk,Ukraine,2323,Rutrum Justo Praesent Associates,1970-12-09 16:13:42
Wayne Madden,commodo.at.libero@erat.net,United Arab Emirates,3347,Neque Pellentesque PC,1982-05-16 22:07:20
Deborah Wise,mollis.Integer.tincidunt@egetdictumplacerat.org,Dominican Republic,1594,Molestie In Tempus Corp.,1992-10-27 14:40:02
Glenna Parks,Cras.convallis.convallis@afelisullamcorper.ca,French Guiana,681,Et Netus Et Consulting,1996-12-28 09:20:23
Jennifer Middleton,Nullam@gravidaPraesent.edu,Lebanon,3456,At Corp.,1978-12-21 15:34:28
Piper Massey,enim.mi.tempor@Aliquam.ca,Faroe Islands,1801,Interdum Enim PC,1971-01-17 23:21:39
Rebecca Puckett,rutrum@idnunc.co.uk,Honduras,2374,Lorem Eu Metus Institute,1992-11-01 14:59:34
Jared Browning,Mauris.vel.turpis@nibhvulputate.edu,Guernsey,706,Nulla Industries,1979-01-22 21:50:28
Desiree Burgess,Duis.risus.odio@mauris.net,Chad,2587,Fusce Associates,1975-09-15 19:42:22
Jena Melton,at.lacus.Quisque@Phasellusfermentumconvallis.ca,Taiwan,2182,Velit Justo Corp.,1975-06-20 10:55:48
Colby Conley,lorem.luctus.ut@eu.org,Switzerland,722,Malesuada Ut Sem Limited,1976-11-11 17:39:22
Eve Kennedy,diam.lorem.auctor@nisl.edu,Jamaica,1592,Enim Gravida Inc.,1995-12-05 03:46:31
Gil Henry,cursus.purus@Crasegetnisi.com,San Marino,1505,Dictum Magna Ut LLC,1973-10-24 21:01:57
Jana Russo,in@Mauris.ca,Armenia,1040,Etiam LLC,1990-07-19 20:51:02
Jocelyn Chandler,risus@fermentumconvallisligula.com,Viet Nam,3168,Massa Non Company,1981-02-24 15:52:05
Charles Bennett,faucibus.orci.luctus@elitpede.com,Czech Republic,2195,Nisl Nulla Corporation,1993-01-05 08:06:14
Lee Byrd,feugiat.tellus@vitae.edu,Argentina,2107,Condimentum Donec Foundation,1999-10-01 15:02:46
Daria Weaver,dui.semper@cubilia.com,Rwanda,2212,Cursus Nunc Institute,1997-02-05 03:09:51
Rhonda Meyers,imperdiet.erat@feugiat.com,American Samoa,516,Ligula Corp.,1974-09-12 11:01:33
Meghan Soto,placerat@aliquamadipiscinglacus.edu,Croatia,2397,Ut Quam Vel Inc.,1993-03-13 08:57:03
Fulton Mcpherson,porttitor.eros.nec@NuncmaurisMorbi.co.uk,New Zealand,3274,Vitae Sodales At LLC,1996-07-12 01:50:41
Martha Bright,et.pede.Nunc@montes.edu,Kiribati,2035,Scelerisque Mollis Institute,1973-04-05 09:57:28
Matthew Fuentes,dolor.dapibus.gravida@orci.com,Saudi Arabia,500,Odio Sagittis Limited,1973-06-13 18:09:43
Amy Rodriguez,Nam.porttitor.scelerisque@etmagnis.com,Cyprus,2358,Lacus PC,1977-09-17 14:50:46
Karleigh Scott,Cras@ligulaNullamfeugiat.ca,Solomon Islands,2653,Magnis PC,1972-06-14 01:20:51
Wing Strickland,lorem.luctus@nunc.ca,Yemen,1590,A Enim LLP,1972-11-23 18:34:10
Murphy Daniels,odio@purusMaecenas.com,Côte D'Ivoire (Ivory Coast),809,Augue Consulting,1985-04-13 03:46:29
Phillip Hicks,dui.in@felisadipiscingfringilla.com,United Arab Emirates,2652,Nec Mauris Blandit Ltd,1978-05-14 02:25:56
Rinah Sutton,Lorem@purus.co.uk,Zimbabwe,1578,Mus Proin Institute,1986-01-16 08:29:13
Ethan Foley,Nam@adipiscing.com,United Arab Emirates,1284,Ipsum Consulting,1993-10-18 15:09:22
Charde Middleton,diam.at.pretium@orci.net,Thailand,3206,Sed Inc.,1971-07-23 01:20:19
Kylan Rodriguez,ac.ipsum@justo.co.uk,Greenland,859,A Scelerisque Sed Company,1985-07-24 22:19:46
Drew Bean,diam.luctus@egetmollislectus.ca,Falkland Islands,1458,Pretium Et Rutrum PC,1973-04-16 23:26:16
Graham Rivas,nibh.vulputate.mauris@sit.org,Azerbaijan,1649,Vivamus LLP,1980-09-12 15:15:04
Orson Lang,sociis.natoque@Curae.ca,Liberia,1332,Elit Limited,1994-09-28 10:38:21
Merritt Lancaster,ligula@amet.edu,Sierra Leone,2210,Cras Limited,1978-08-31 00:27:04
Noble Flynn,malesuada.vel@ornare.net,"Korea, South",3069,Facilisis Corporation,1992-05-13 01:46:38
Martina Jacobs,in.sodales.elit@aliquetmetus.net,Burkina Faso,1907,Nunc Mauris Elit LLC,1981-10-13 07:58:41
Hammett Avila,aliquet@Fuscedolor.co.uk,Philippines,2908,Duis At Lacus Corporation,1985-05-15 20:57:08
Aphrodite Shannon,amet.risus.Donec@mienimcondimentum.com,Nepal,1323,Ac Inc.,1994-02-24 23:27:27
Orlando Santana,Fusce.mi@magna.ca,Gambia,1972,Ultricies Ornare Elit Foundation,1979-02-27 10:26:30
Imani Yang,magna.sed.dui@Donecat.net,Mauritius,3389,Nascetur LLC,1986-05-03 06:31:22
Roanna Hurst,semper@antedictum.org,Congo (Brazzaville),3289,Nisl Corp.,1992-08-11 13:52:06
Odessa Abbott,molestie.dapibus@adipiscing.com,Saint Lucia,2847,Sit Amet Ornare Industries,1978-12-11 11:08:37
Matthew Alston,sodales.elit@amet.co.uk,French Polynesia,2947,Quam Corp.,1982-10-14 04:38:54
Flynn Walls,ligula@odio.net,Ecuador,3493,Vestibulum Ante LLC,1971-03-21 14:17:14
Lysandra Mason,vel.quam@sitametultricies.edu,Anguilla,1182,Consectetuer Ipsum Nunc Corporation,1988-12-15 09:02:43
Brian Garcia,risus@tellus.co.uk,Burundi,576,Lacus Industries,1997-12-18 05:30:31
Keely Malone,Donec.felis@mi.com,Panama,1784,Vitae Nibh Donec PC,1992-03-11 23:37:21
Petra Hancock,velit.Sed.malesuada@malesuadaaugueut.com,Rwanda,3153,Natoque Penatibus Institute,1986-01-26 13:16:25
Hadassah Hendrix,lectus@scelerisquesedsapien.ca,Belarus,3059,Dapibus Inc.,1999-03-03 07:10:17
Kaden Goff,pharetra.sed@aliquamenim.net,Vanuatu,554,Odio Tristique LLP,1978-04-04 23:23:34
Jessamine Mcbride,nibh.vulputate@indolor.com,French Southern Territories,2964,Vel Industries,1989-08-31 04:27:44
Maile Downs,dapibus.gravida@accumsanlaoreetipsum.ca,Zambia,573,Sed Ltd,1972-06-30 05:51:30
Sade Griffin,eros@dolorvitae.com,Comoros,2759,A Enim LLP,1996-08-20 22:36:18
Desiree Workman,enim@velsapienimperdiet.edu,Namibia,2014,Ad Litora Company,1994-05-03 00:51:07
Oscar Craft,vulputate.posuere@maurisid.co.uk,Equatorial Guinea,2960,Sit Amet Luctus Incorporated,1995-01-10 23:49:38
Keegan Coleman,rhoncus.Nullam@Donec.edu,Switzerland,1328,Ac Sem LLP,1980-07-08 00:43:19